,Number,Time,One,Two,Three,Four,Five,Six,Seven,Eight,Nine,Ten,Eleven,Twelve
0,1,16秒,0,0,0,0,0,0,0,0,5,0,0,无
1,2,154秒,1,1,箫、琵琶、鼓、扬琴,1,0,演唱会、话剧、音乐剧、电影、展览,1,如果我有无数可以挥霍的金钱，我一定会把家里装修成几个大工作室,2,1,0,听歌、看展、看各种电影、看各种视频、看书、做手工
2,3,57秒,1,1,吉他,0,0,演奏会,1,0,2,0,1,练吉他，听歌
3,4,56秒,1,1,吉他,1,0,舞蹈,1,自由自在,3,0,0,艺术团，听音乐会
4,5,78秒,1,1,小提琴,0,表情包,0,1,0,2,0,0,看剧睡觉唱歌跳舞
5,6,129秒,1,0,吉他,0,0,0,0,0,2,0,1,无
6,7,58秒,1,0,吉他,0,0,0,1,0,2,0,1,写字
7,8,70秒,1,1,大提琴,0,无数个小叶子,行为艺术,1,旅行作家,4,1,0,画一些无意识的漫画
8,9,55秒,0,1,钢琴,0,0,摄影,1,0,2,0,1,看书拍照
9,10,168秒,1,1,尤克里里,0,画桌面的花,摄影,1,0,3,0,0,练字，画水彩，去花店精心挑选几支花插瓶，拍照，做小手工DIY
10,11,161秒,1,1,古琴,0,线条,文艺、音乐、绘画,1,诗人、音乐家,3,0,1,写诗、跳舞、读书、听钢琴曲、学习乐器演奏、参观艺术馆
11,12,44秒,0,0,0,0,0,0,0,0,2,0,1,无
12,13,118秒,1,0,古琴,0,可可爱爱的小女孩或小男孩,画画，乐器，舞蹈,1,美好而享受,1,0,0,画画
13,14,104秒,1,0,0,1,失恋的那一刻,绘画,0,画家,2,0,1,玩游戏，设计游戏
14,15,81秒,1,1,钢琴,0,海,音乐,0,音乐家,2,0,0,听音乐
15,16,96秒,1,1,架子鼓,1,画樱花,文学,1,以小说家的身份,1,0,0,看书，听音乐，逛展览书店
16,17,115秒,1,1,古筝,0,风景或可爱的小动物,绘画音乐舞蹈,1,有一间舞蹈房，落地窗，大镜子，窗边放我的琴们,2,0,0,玩乐器，听音乐会，选艺术公选，跳舞
17,18,61秒,1,0,0,1,0,0,0,0,2,0,0,听音乐
18,19,127秒,1,1,手碟,1,0,照片，视频，服装,1,0,2,0,0,上课摸鱼
19,20,204秒,1,0,吉他,1,0,0,1,0,2,0,1,写毛笔字，临摹一下碑文
20,21,75秒,1,1,琵琶,0,人物像,音乐,0,0,1,0,1,无
21,22,37秒,0,0,0,1,0,觉得舒服,1,0,3,0,1,听歌
22,23,296秒,1,1,0,0,人,绝大多数的形式,1,多少都是想过的,2,0,1,欣赏音乐
23,24,319秒,1,1,风琴,1,二次元的帅哥们,唱歌,1,0,1,0,0,练舞，唱歌
24,25,41秒,1,0,0,1,0,0,1,0,2,0,1,无
25,26,48秒,1,1,0,1,0,0,1,0,1,0,1,无
26,27,493秒,1,1,架子鼓,0,各种颜色在纸上乱泼,如果摇滚/city pop和hiphop之类的live算的话；或者一些行为艺术；或者一些新奇的展……总之就是一些可以让我很沉静/很发散地思考的东西，要么就是可以让我很冲动很兴奋可以调动肢体的东西,1,总之 自由自在 浪漫就好,2,0,0,摄影 看live在街上乱转 随便上一辆公车或是地铁然后在随便一站下车在小巷子里瞎拍  在寝室没人的时候外放喜欢的歌然后跟着律动
27,28,64秒,1,0,钢琴,1,0,行为艺术,1,0,4,0,1,看展
28,29,258秒,1,1,贝斯,0,大胸美少女东北末世漂流记,最近尤其雕塑,0,写歌,4,0,0,打音游
29,30,435秒,1,1,竖琴,0,近期烦乱状态、对自己影响最大的一件事,拼贴,1,用多种自己喜欢的方式表达自己的想法 有意义也好杂乱也好  能更深入更有温度的探索感受这个世界 而不是与她越来越远,1,0,0,摄影 修图 拼贴 涂画 练字 欣赏拼贴 欣赏穿搭 欣赏画画 欣赏c4d作品 看展
30,31,48秒,1,1,0,1,0,0,1,0,1,0,0,无
31,32,140秒,1,1,爵士鼓，琵琶,0,蛙和鱼,电影,1,0,4,0,0,音乐会，书法
32,33,78秒,1,1,吉他,0,0,音乐,1,0,1,0,0,听歌，唱歌，音乐剧
33,34,83秒,1,1,0,0,0,乐队现场,1,0,1,0,0,听歌 看live 看展子
34,35,92秒,1,1,管子,0,0,任何,1,0,2,0,0,无
35,36,95秒,1,1,钢琴,1,风景,文字、舞蹈,1,文字,2,0,0,电影、阅读、看很喜欢的视频up主
36,37,146秒,0,1,我全都要,0,老八,哲学,0,士官长,1,0,1,爆炸
37,38,185秒,1,1,小提琴,0,人物肖像,篆刻,1,画家+音乐家,3,0,1,听古典音乐、看电影、写诗
38,39,126秒,0,1,萨克斯,1,无意义的线条和点,0,0,敲代码某种意义上也是一种艺术,3,0,1,弹尤克里里
39,40,177秒,1,1,钢琴,0,0,音乐,1,0,4,0,0,随意涂鸦、唱歌
40,41,65秒,1,0,0,0,漫画,游戏漫画,1,0,2,0,1,打游戏
41,42,72秒,0,1,0,1,什么都,绘画 摄影 音乐,1,0,3,0,1,摄影
42,43,87秒,1,1,琵琶,0,0,音乐会，舞会,1,0,1,0,0,听音乐
43,44,90秒,1,0,管风琴,0,人,行为艺术表演艺术,1,0,2,0,1,游戏艺术
44,45,64秒,1,1,钢琴,1,0,动手,1,0,1,0,0,练字
45,46,58秒,1,0,吉他,0,喜欢的人,摄影,1,0,1,0,0,看电影
46,47,90秒,1,1,学会一首自己喜欢的曲子,0,山水,踏青写生,0,住在山里,1,0,1,写字，爬山，出去玩
47,48,115秒,1,1,0,1,一片海,0,1,0,2,0,0,听live，现场听民谣，听相声
48,49,81秒,1,0,0,1,0,0,1,0,2,0,1,去看展览
49,50,55秒,1,1,钢琴啊,1,宫村,跳舞,1,0,4,0,0,跳舞，狂跳舞
50,51,94秒,1,1,钢琴，架子鼓,0,0,音乐,1,0,3,0,0,听音乐
51,52,77秒,1,1,二胡,1,人物,音乐,1,画家,2,0,0,绘画 唱歌
52,53,54秒,1,0,0,1,0,0,0,0,2,0,1,无
53,54,1348秒,1,1,二胡、笙,1,帝国落日,0,0,0,3,0,1,社团
54,55,63秒,1,0,吉他,1,0,0,1,0,1,0,0,没有
55,56,59秒,1,1,0,1,0,0,1,0,2,0,1,无
56,57,77秒,0,0,0,1,0,0,0,0,1,0,1,听歌
57,58,133秒,0,1,架子鼓,0,0,互动展这类的吧,0,0,3,1,0,没有
58,59,55秒,0,1,手风琴,1,0,唱歌,0,0,4,0,1,唱歌，听歌
59,60,48秒,1,1,小提琴,0,0,0,0,0,1,0,1,听音乐
60,61,116秒,1,1,钢琴,0,小蛋糕的水彩画,0,1,0,3,0,0,画画 写手帐 看展 看电影
61,62,107秒,1,1,0,1,花,动画,0,0,5,0,0,无
62,63,49秒,0,0,0,1,0,0,0,0,2,0,1,无
63,64,108秒,1,1,0,1,0,0,1,0,2,0,0,手工DIY，舞蹈
64,65,69秒,1,1,吉他,0,,唱歌,1,音乐家,2,0,1,唱歌听音乐
65,66,126秒,1,1,0,1,什么都可能画,天马行空的,1,0,2,0,0,刷视频，看小说
66,67,80秒,1,0,吉他,0,小人,唱歌,1,歌唱家,2,0,0,听歌，看综艺
67,68,212秒,1,1,吉他，尤克里里,0,0,看展，或者音乐，最近话剧也有点兴趣,1,我初中的梦想是出道当唱跳歌手的,2,0,0,出去玩，去武汉大街小巷拍照，或者看书，偶尔跳舞，唱歌
68,69,59秒,1,1,琵琶,0,0,跳舞,1,0,1,0,0,唱歌，跳舞
69,70,102秒,1,1,唱歌,0,0,唱歌唱歌唱歌/行为艺术哈哈哈,1,0,2,0,0,看展
70,71,58秒,1,1,吉他,0,0,音乐,1,0,2,0,0,听歌
71,72,64秒,1,1,钢琴之类,0,0,符合审美的,1,0,2,0,1,唱歌
72,73,210秒,1,1,架子鼓,0,猫猫狗勾兔兔鸭鸭,画画、唱歌或乐器体验类活动,1,高更,2,0,0,画画、唱歌
73,74,82秒,1,1,吉他,1,简笔小人画,炫酷,1,0,3,0,0,听歌唱歌
74,75,96秒,1,1,钢琴，吉他，架子鼓,0,小姐姐,古典油画,1,记不清,1,1,0,打乒乓球，板绘
75,76,95秒,1,0,0,0,0,人文和情感,1,0,1,0,1,无
76,77,30秒,1,1,吉他,1,0,0,1,0,1,0,1,唱歌
77,78,184秒,1,1,钢琴,1,0,音乐会,0,0,2,0,1,听古典音乐
78,79,86秒,1,1,洞箫,1,蛇吞象,摄影，音乐，建筑,1,0,2,0,1,练箫，看电影
79,80,114秒,1,1,钢琴,0,油画,歌剧，美术，美声，古典音乐，画展，舞蹈,1,音乐或美术,2,0,0,画画，唱歌
80,81,102秒,1,1,口琴,0,我的女朋友,几乎一切艺术,1,画家，或者midi编曲,1,0,1,看画展
81,82,69秒,1,1,电吉他,0,有,歌剧,1,但是疲惫,2,0,1,乐队排练
82,83,85秒,1,0,0,1,自然,0,1,0,1,0,1,听歌，看演唱会
83,84,127秒,1,1,箜篌,0,有颜料就画水彩，没有就素描,需要动手的,1,0,4,0,0,弹古筝、画画、做手工
84,85,55秒,1,1,尤克里里,1,0,记录类,1,0,1,0,0,拍照、看戏剧、去音乐会、看书
85,86,107秒,1,1,小提琴,0,0,画画 音乐会,1,音乐家,1,0,0,参加音乐节
86,87,138秒,1,1,钢琴,1,雨一直下,舞蹈，音乐会,1,0,1,0,0,"体育舞蹈课
街舞课
听音乐"
87,88,184秒,1,1,古琴,0,0,舞蹈,1,自由,1,1,1,跳舞
88,89,96秒,1,1,0,0,火柴人,0,1,0,1,0,1,"画画
给画配文字"
89,90,71秒,1,1,唢呐,0,小女孩,写作,1,0,1,0,0,写作，绘画
90,91,209秒,1,1,钢琴,0,想用水彩随便涂一大片各种绿色,唱歌,1,唱歌弹琴绘画刺绣做点手工这样,1,0,0,参加合唱团，舞会，周末去KTV
91,92,149秒,1,1,都可以,0,乱画，一直圈,音乐,1,希望优雅的生活,1,0,1,听歌、看剧、练琴、吹笛子
92,93,236秒,0,0,竹笛,0,想法很多，但手不允许,0,0,0,1,0,1,听音乐，看电影，看画
93,94,35秒,0,0,0,1,0,0,0,0,2,0,1,无
94,95,63秒,1,1,0,1,0,0,1,0,2,1,1,展 涉猎
95,96,81秒,1,1,0,0,人像,舞蹈,1,舞蹈工作室的老板,2,0,0,"跳爵士舞
追星
看舞台"
96,97,281秒,1,1,大提琴,0,二次元人物(自己虚出来的),我非常喜欢听古典音乐，包括歌剧等。,1,自己是善于演奏某种乐器的演奏家,1,0,0,听西方歌剧，看演奏乐团的表演
97,98,57秒,1,1,吉他,1,人体解剖,话剧,1,0,2,0,1,"话剧演出
唱歌"
98,99,256秒,1,1,尤克里里,0,晴天，美女，帅哥,线下展览之类的,1,每天悠悠闲闲的，想画画就画，不想画就做手艺人的那种,1,1,0,画画涂鸦
99,100,87秒,1,0,吉他,0,春天,街头演出,1,作家,1,0,0,日常听曲，了解相关知识
100,101,143秒,1,1,双簧管,1,0,歌舞剧 话剧 古典演奏,1,诗人,1,0,1,看剧看展 吹双簧管
101,102,85秒,1,0,琵琶，口琴,1,0,新奇的艺术展,1,0,1,0,0,自己一个人出去采风
102,103,333秒,1,1,钢琴,1,屎,0,0,0,1,0,0,会跳跳舞
103,104,125秒,1,0,钢琴,1,蓝天白云,都会,1,很喜欢,1,0,0,听音乐，画画，刷微博艺术博主的微博
104,105,67秒,1,0,吉他,1,天菜,写生,1,自由职业的插画家,3,0,1,偶尔画点有意思的小东西
105,106,171秒,1,0,钢琴,1,0,音乐会（尤其交响），音乐剧、话剧，艺术展（798常有的那种,1,0,2,0,1,偶尔出去看看展和剧
106,107,101秒,1,1,0,0,0,摄影,1,0,1,0,1,照照片
107,108,125秒,1,1,尤克里里,0,大眼二次元福瑞,音乐剧 电影 艺术照 雕塑 等等,0,漫画或者动画师,3,1,0,看电影 看动画
108,109,81秒,1,1,吉他,1,这世界,0,1,,1,0,1,画
109,110,126秒,1,1,吉他,0,飒飒女少侠,音乐会,1,绘吾所想，无拘无束,1,0,0,（看别人画画）
110,111,92秒,1,1,吉他,0,人物,音乐/绘画,0,插画师,1,0,1,插画/音乐
111,112,117秒,1,1,古筝,0,油画人物,行为艺术,1,行为艺术家,2,0,0,参观湖北美术馆
112,113,39秒,1,0,古筝,1,0,0,1,0,2,0,0,看电影
113,114,66秒,1,1,架子鼓,0,大树,街头路演,0,像五月天那样,2,0,0,听歌，看演唱会
114,115,183秒,1,1,钢琴,1,抽象夸张的花，太阳，蓝天白云,戏剧表演，电影，画展，音乐会,1,不用考虑生活来源，专心享受学习知识，创造艺术带来的快乐,1,0,0,小涂鸦，文学创作，阅读，看展，看电影
115,116,2243秒,1,1,吉他,0,杂志速写,音乐，绘画,1,想一直画画,2,0,0,画画和学弹吉他
116,117,76秒,1,1,钢琴,1,人头,0,1,0,3,1,0,看展……
117,118,90秒,0,1,竖琴,0,0,弹奏乐曲,0,0,1,0,0,听音乐
118,119,60秒,1,1,小提琴,0,0,音乐会,1,0,1,0,1,钢琴or吉他
119,120,57秒,1,0,钢琴,1,0,音乐会，画展，摄影展等等,1,0,2,0,1,摄影
120,121,150秒,1,1,钢琴,0,卡通手帐,舞蹈,1,0,2,0,0,听歌，跳舞，摄影
121,122,289秒,1,1,大提琴,1,0,各种现场表演，包括且不限于livehouse?音乐节、话剧、音乐剧、歌剧,1,每天看展、创作,2,0,0,看书看诗，音乐节，看话剧
122,123,82秒,1,0,吉他,0,火柴人,纯音乐,1,0,2,0,1,听歌
123,124,104秒,1,1,0,1,随便画画,音乐会,1,音乐家,3,0,1,看电影
124,125,183秒,1,1,钢琴,1,0,音乐,1,0,2,0,1,听古典，看名画
125,126,239秒,1,0,吉他,1,0,行为艺术,0,0,1,0,1,听一些小众歌曲
126,127,128秒,1,0,0,1,0,0,0,0,2,0,1,听音乐、唱歌、用电脑自带的画图软件画画，看视频
127,128,106秒,1,1,小提琴,0,景,视听类型,1,不敢深入幻想,2,0,0,练字，看电影听英语，戏剧歌剧音乐会
128,129,131秒,1,1,0,1,0,0,1,画家,1,0,0,画画
129,130,108秒,1,0,吉他,0,内心深处的想法,画展音乐会等,1,感知自然而不受生活的胁迫,1,0,1,听古典音乐，欣赏名画
130,131,207秒,1,1,吉他,0,花,舞蹈 唱歌 摄影 乐器,1,自由摄影师 舞者,1,0,0,合唱团 街舞班
131,132,124秒,0,0,0,0,0,0,0,0,1,0,1,无
132,133,106秒,1,1,钢琴，吉他，小提琴,0,象征抽象主义,文学，音乐，舞蹈,1,像吟游诗人一样自由，像音乐家一样浪漫,1,0,1,写诗，听歌等
133,134,128秒,1,1,吉他，钢琴,0,人,画画，音乐,1,自己的家要有艺术氛围，音乐与画，歌与诗行,2,0,0,做手帐，听音乐，绘画
134,135,115秒,1,1,吉他,0,星空,绘画    音乐,1,钢琴家,2,0,1,"弹吉他
临摹
练字"
135,136,72秒,1,1,吉他,0,0,音乐,1,0,2,0,1,听音乐
136,137,173秒,1,1,吉他或者钢琴,1,想记录一些我的日常,0,1,想过如果会画画好想画下每一个人,1,0,0,会自学吉他
137,138,289秒,0,1,快板,1,0,曲艺（包括但不限于相声、京韵大鼓、梅花大鼓、单弦、岔曲、河南坠子、天津时调、联珠快书）、戏曲（主要是京剧）,0,0,1,0,1,"相声听曲艺并且在能力范围内学唱学说；
渴望有机会去天津或北京的相声剧场听现场。"
138,139,182秒,1,1,二胡,1,学校街道的钢笔速写,浸入式,1,那必然是工作时间自己决定,2,0,0,绘画，欣赏绘画
139,140,221秒,1,1,钢琴,0,二次元,音乐 魔术 绘画,1,音乐家,2,0,1,作曲 弹琴 钻研纸牌魔术 画画
140,141,87秒,1,1,吉他,0,什么都想画,绘画，音乐,1,作家或画家,5,0,0,偶尔练习吉他
141,142,129秒,1,1,手风琴,0,美少女,音乐剧快闪,1,不用996还可以做喜欢的事,1,0,0,看音乐剧，偶尔练练很久没碰的乐器
142,143,165秒,1,1,钢琴,0,帅哥,艺术展览/教学,1,0,1,0,0,听歌
143,144,687秒,1,1,键盘,0,0,音乐，影像,1,摄影师。音乐制作人。歌手。,1,0,1,摄影。
144,145,53秒,1,0,吉他,0,0,唱歌,1,0,2,0,1,无
145,146,87秒,1,1,钢琴,1,0,0,1,0,1,0,0,唱歌 跳舞
146,147,165秒,0,0,钢琴,0,思维导图,音乐剧,1,0,4,0,0,偶尔去看艺术相关的展览
147,148,66秒,1,1,0,1,0,0,1,0,1,0,0,听音乐
148,149,65秒,1,1,吉他,1,正太,舞蹈,1,0,1,0,1,跳舞
149,150,113秒,1,1,口琴,0,我老婆,行为艺术 音乐 美术 建筑 但冲动是什么,1,当个画家那种,1,0,0,看展 摸鱼
150,151,33秒,1,1,0,0,0,0,0,0,2,0,0,唱歌
151,152,69秒,1,1,贝斯,0,乱七八糟的,音乐 舞蹈 美术,1,0,1,0,0,组乐队 看演出
152,153,117秒,1,0,吉他,0,玫瑰,文学电影音乐美术,1,浪漫的理想主义,1,0,1,看电影，演出，戏剧，交响乐
153,154,141秒,1,1,巴乌,0,天空,印象派,1,业余画者,1,0,0,画，阅读，看电影
154,155,121秒,0,1,古筝,0,线,几乎所有,1,0,3,0,1,放空
155,156,192秒,1,1,二胡,0,0,古典音乐演出、音乐剧演出,1,与懂艺术的人一起,2,0,0,民乐团
156,157,74秒,1,1,架子鼓,1,0,0,1,0,2,0,1,无
157,158,99秒,1,1,钢琴,0,小人,动漫音乐鉴赏,1,0,2,0,1,听歌
158,159,313秒,1,0,吉他,1,在华科的道路上向上看的天空,0,1,插插花，经营自己的小花园，画画，弹曲子，写写诗，烧菜，做甜品（凡是给人带来美的感觉的都算艺术）,1,0,0,读书，写诗，摄影去美术馆，博物馆，参加学校的音乐会，想要抽出时间画画，练字
159,160,85秒,1,0,吉他,1,森林,0,1,0,2,0,1,画画
160,161,121秒,1,1,尤克里里,0,梵高的星空,画展和小型音乐会,1,不完全是,1,0,0,油画
161,162,90秒,0,0,钢琴,1,0,音乐,1,幻想过自己是一位天才画家或歌手,1,0,1,听歌
162,163,88秒,0,0,0,0,画张白纸,0,0,梦里,2,0,1,无
163,164,121秒,1,1,0,1,0,艺术展,1,每天画画,5,1,0,看展览、看豆瓣小组、结合实际生活进行讨论和思考
164,165,212秒,1,0,0,0,0,音乐，绘画,1,能每天不被没意思的思考拖累,1,0,1,"看各种的舞台表演
闲暇去美术馆
欣赏一些音乐和文学作品"
165,166,150秒,1,1,笛子,0,我老婆张哲瀚,各种,1,我现在就挺艺术的,1,1,0,作业就是艺术有关的，休闲方式就是看张哲瀚，有空的话会画画他
166,167,57秒,1,1,小提琴,0,0,话剧,1,0,1,0,1,无
167,168,187秒,1,1,钢琴,0,鱼，天空,音乐剧，画展，话剧，音乐会,1,在一个被阳光铺满的，种满花草的小庭院里画画,2,0,0,唱歌，画画
168,169,67秒,1,0,0,1,星空,0,1,0,1,0,1,无
169,170,105秒,1,1,口琴,1,三角形,合唱,1,诗人,2,0,1,哼哼小曲儿，练练口琴
170,171,98秒,1,1,几天,0,0,美图绘制,1,0,2,0,1,学吉他新曲子
171,172,89秒,1,1,吉他,0,0,音乐,1,想做一个吉他手，偶尔表演，大部分时间宅在家里自个弹,2,0,1,听歌唱歌
172,173,57秒,1,0,钢琴,1,0,高雅艺术,1,钢琴家,2,0,1,在宿舍练舍友的琴
173,174,197秒,1,1,口琴,1,搁浅的船,戏剧,1,小木屋画画画画,2,1,1,无
174,175,80秒,1,1,钢琴,0,星空,录专辑,1,写出有深度的作品,1,0,1,练琴，写歌，录歌
175,176,86秒,1,1,卡祖笛,0,树,相声,1,乐手,2,0,0,livehouse
176,177,100秒,1,0,萨克斯,0,0,电影,1,当灵感出现，可以随心所欲的记录下来，不会担心被否定,2,0,0,做视频，有尝试在学做音乐，学乐理
177,178,117秒,1,1,钢琴,1,很有意境的小场景,话剧,1,画家,3,1,0,画画 唱歌 逛展 逛公园
178,179,53秒,1,0,吉他,1,简笔,0,0,0,2,0,1,听歌，哼唱
179,180,97秒,1,1,小提琴,0,0,写诗,1,音乐家 街舞人 诗人,2,0,1,跳舞 写诗
180,181,164秒,1,0,bass,1,不知不觉不知不觉画成你的模样我的模样,livehouse音乐节,1,躺在屋顶上晒太阳 看书,2,0,0,校园音乐节东操音乐会
181,182,101秒,1,1,0,0,antisocial,不尬的,1,可以没必要,1,1,1,脱离现实
182,183,177秒,1,1,吉他,0,朋友的卡通形象,舞蹈类，声乐器乐类，绘画类,1,泡画室 写生或者泡舞房,1,0,0,"跳舞（爵士） 偶尔画画（彩铅，水彩） 唱歌
偶尔刻橡皮章做手工什么的"
183,184,88秒,1,0,0,1,0,0,1,做文字创作工作,2,0,1,阅读，听音乐，看电影
184,185,72秒,1,1,古筝,0,小人,插画原画,1,插画师,2,1,0,接单画画赚钱，看动画片
185,186,43秒,1,1,0,1,妹妹,行为,1,0,1,1,0,睡觉
186,187,65秒,1,1,笛子,1,涂鸦,舞蹈,1,0,4,1,1,排球/羽毛球
187,188,130秒,1,1,笛子,0,树，人，山河，星海,0,1,0,2,0,1,学戏
188,189,152秒,1,0,0,0,0,0,1,0,5,0,0,看画展
189,190,94秒,1,0,尤克里里,1,线条,美术馆展览,1,0,2,0,1,逛美术馆，博物馆，艺术展
190,191,42秒,0,0,0,0,0,0,0,0,2,0,1,打游戏
191,192,141秒,1,1,钢琴,0,拿起笔就会有感觉的,弹琴,1,写作者/音乐人,2,0,0,听点音乐其他没有
192,193,58秒,1,0,钢琴,0,啥都可以,音乐,1,0,2,0,0,p图
193,194,82秒,1,0,钢琴,0,圈,音乐,1,0,1,0,1,听歌
194,195,103秒,1,1,钢琴,0,纸片人,同人创作,1,插画家,2,1,1,临摹插画，弹琴解压
195,196,91秒,0,0,吉他,0,二次元,番,0,0,2,0,1,看番
196,197,71秒,1,1,钢琴,1,喜欢的女孩,情感强烈的,0,0,2,0,1,唱歌，弹吉他
197,198,433秒,1,1,卡祖笛,0,聪明天才小艺术家的抽象大作,梵高的画展/好听的乐队路演/街头卖艺（指画肖像）,1,我就是聪明天才小艺术家,1,1,0,"用QQ的绘图画意义不明的抽象线描发出去骚扰朋友
摄影，抠图
拿木质铅笔画图（很爽，自动铅笔太烂了）
偶尔来感觉了玩玩procreate"
198,199,119秒,1,0,吉他,1,山水,书法，摄影,1,文人墨客,4,0,1,拍照，写日记，看课外书
199,200,83秒,1,1,架子鼓,0,0,0,1,0,3,0,1,跳舞
200,201,72秒,0,0,0,1,火柴人,拼贴诗,0,0,2,0,0,如果看看书算艺术的话，
201,202,59秒,1,0,尤克里里,1,油画,0,1,0,3,0,0,逛艺术馆
202,203,114秒,1,1,架子鼓,1,随便画,有互动热闹的有活力的,1,小说家/音乐家,4,0,0,听音乐
203,204,97秒,1,1,架子鼓,1,0,歌剧 话剧 音乐会 演唱会,1,0,3,0,0,听歌
204,205,82秒,1,1,0,1,随便画,0,1,0,2,1,0,无
205,206,106秒,1,1,长笛,1,无垠星空,雕塑（可能）,0,0,3,0,1,无
206,207,112秒,1,0,钢琴,1,0,表演,1,画家，钢琴家,1,0,0,听歌，看电影，看书
207,208,173秒,1,1,吉他,0,小动物,摄影，音乐，看艺术展，音乐剧等等等,1,但艺术家生活多少脱离实际，在我看来是一种乌托邦式的生活，正如月亮与六便士中的主人公，他追求他的理想，如果没有书中“我”的支持是不可能的,3,0,0,看展，摄影
208,209,74秒,1,1,鼓,1,漫画,所有,1,乐队鼓手,5,0,0,livehouse看演出
209,210,43秒,0,0,0,0,0,古典乐,1,0,4,0,1,唱歌
210,211,58秒,1,1,架子鼓,0,油画,油画,1,0,5,0,1,吹萨克斯
211,212,307秒,1,1,吉他,0,画我未来的女朋友,演唱会，顺便说一下我喜欢肥陈的演唱会,1,吉他手很帅,2,0,1,只有听歌和上b站看演唱会
212,213,131秒,1,1,0,0,0,摄影吧，适合我不会画画的人哈哈哈,1,自由摄影,5,0,1,摄影
213,214,187秒,1,1,0,0,0,现场音乐会,0,0,1,0,1,听音乐
214,215,90秒,1,1,0,1,房子,美学,1,钢琴家,3,0,0,画画，书法
215,216,135秒,1,1,钢琴,1,0,0,1,街头,5,0,1,唱歌
216,217,111秒,1,1,钢琴,0,0,0,1,戏剧,1,0,0,钢琴声乐
217,218,58秒,0,0,0,1,0,0,0,0,1,0,1,无
218,219,53秒,1,0,0,0,很多,绘画设计,1,很快乐,1,0,1,画画
219,220,47秒,1,0,吉他,1,0,0,0,0,1,0,1,听音乐
220,221,65秒,1,0,吉他,0,漫画人物，游戏人物,漫展，游戏,1,0,1,0,1,听歌
221,222,63秒,1,1,口琴,1,0,0,1,旅行,1,0,1,电影戏剧
222,223,82秒,1,1,0,1,美少女,0,0,插画家,1,0,0,画画
223,224,60秒,1,1,吉他,1,画可爱的简笔画,0,0,0,1,0,0,画画 唱歌
224,225,97秒,1,1,0,0,0,绘画,1,画家,1,0,1,无
225,226,62秒,1,1,吉他,0,鬼魅,游戏,1,自由设计,1,0,1,看展，看live，弹吉他，画画，打游戏
226,227,98秒,1,1,小提琴,0,画动漫人物,乐器和美术,1,0,1,0,1,临摹，画画
227,228,66秒,1,0,0,1,方舟干员,DJ,1,0,1,0,1,网抑云
228,229,64秒,1,1,0,0,人,0,1,0,1,0,0,看电视
229,230,129秒,1,1,衣架,1,头发,漫展,1,0,1,0,0,画画
230,231,117秒,1,1,架子鼓,0,蘑菇兔子,看画展，绘画,1,作家或者画家,1,0,0,绘画或者乐器，或者看书，看国家地理杂志
231,232,168秒,1,1,双簧管,0,0,音乐会,1,音乐家、作家,1,0,1,听音乐、读诗、古文、赏画、听讲座
232,233,75秒,1,1,口琴,1,0,展览,1,0,1,0,1,吹口琴
233,234,99秒,1,0,0,1,0,0,1,0,1,0,0,唱歌
234,235,102秒,1,0,吉他,0,Q版的小动物,0,0,0,1,0,0,PS，听歌
235,236,134秒,1,1,吉他,0,宝宝,音乐戏剧绘画,1,高贵画家,1,0,0,欣赏音乐，戏剧与画作
236,237,53秒,0,0,0,1,0,0,0,0,1,0,1,读书
237,238,117秒,1,1,小提琴,0,任意立绘,,1,0,1,0,1,钢琴，手绘
238,239,51秒,1,0,吉他,1,抽象画,古筝,1,0,2,0,0,看书算或者画画
239,240,79秒,1,1,吉他,0,一个短发妹子,画画，歌唱，器乐，舞蹈,1,画画弹琴旅行,2,0,0,画画弹吉他唱歌
240,241,56秒,1,1,吉他,1,0,绘画,1,0,2,0,0,听音乐
241,242,43秒,0,0,吉他,1,美女,0,0,0,2,0,0,听歌
242,243,86秒,1,0,吉他,1,人,0,1,画家、摄影家,2,0,0,听歌，弹吉他
243,244,124秒,1,1,0,0,猪兔,街头涂鸦,1,0,2,0,0,会收藏一些艺术馆的链接，在放松的时候云观赏
244,245,223秒,1,1,架子鼓,1,月亮，星星，宇宙，和我,展览和音乐剧,1,坐在属于我的温馨可爱的工作室里画画，设计，无人打扰，在黄昏中落笔，在雨天泡杯咖啡看电影，在月明时抱着摄像机……,2,0,0,听音乐哼歌，画画涂色，看喜欢绘本小说，和朋友随便写写东西
245,246,60秒,1,0,钢琴,1,0,0,0,0,2,0,0,听歌
246,247,99秒,1,0,0,0,太阳,livehouse,1,0,2,0,0,音乐
247,248,100秒,1,1,0,1,花草吧，虽然好难,沙画吧,1,0,2,0,0,画画
248,249,79秒,1,1,架子鼓,0,0,激烈,1,0,2,0,0,无
249,250,185秒,1,1,长笛、小提琴,0,每天看到的风景,0,1,0,2,0,0,听歌（想去演唱会现场），在家的话会画画、吹笛子。
250,251,207秒,1,1,尺八,0,阴茎,媒介简单的,0,0,2,0,1,"写作 听音乐 尝试冥想 
擤鼻涕 戴耳塞 穿湿的内裤"
251,252,131秒,1,1,唢呐,1,0,电影,1,王家卫,2,0,1,看电影，看艺术展，摄影
252,253,71秒,1,1,吉他,0,动物,生活,1,悠闲、创意,2,0,0,睁开眼睛
253,254,61秒,1,0,竹笛,1,0,0,0,0,2,0,1,摄影摄像
254,255,87秒,1,1,吉他，钢琴,0,建筑，眼睛,所有,1,0,2,0,1,建筑速写，文学创作，艺术展，旅游
255,256,89秒,1,0,吉他,0,0,0,1,画家,2,0,0,唱歌、剪辑
256,257,334秒,1,1,尤克里里,1,0,舞蹈歌唱尤克里里吉他拇指琴,1,舞蹈老师,2,0,0,街舞健身
257,258,170秒,1,1,钢琴,1,0,唱歌类,1,岛上种花 逃离焦虑快生活,2,0,0,好像无
258,259,107秒,1,1,钢琴,0,村子,0,1,大橱窗，小木屋，灵感与知识迸发,2,0,0,随便画个画什么的
259,260,59秒,0,0,0,0,0,0,0,0,2,0,1,电子游戏
260,261,106秒,1,1,拇指琴,0,Idol的肖像,音乐   舞蹈,1,唱跳歌手,2,0,0,听音乐、看电影
261,262,87秒,1,1,吉他,1,0,演唱会,1,0,1,0,1,听歌，听音乐
262,263,161秒,1,0,架子鼓,0,人,摄影,0,卖唱,5,0,0,看别人摄影 听别人拉二胡
263,264,254秒,1,1,吉他,0,临摹一幅喜欢的作品,书法、画展,1,只要不愁没钱花就行,2,0,0,经常看电影，偶尔练书法，对画展有兴趣
264,265,62秒,1,1,钢琴,1,爱豆,演唱会,1,0,1,0,0,听歌唱歌
265,266,163秒,1,0,0,1,画我喜欢的花，人,能够直接感知的，尤其是听觉的,1,作家或者是画家,2,0,0,自己一个人听歌，随意画画
266,267,74秒,1,1,吉他,0,黑暗世界中的光,游戏创作,1,是的,1,0,1,玩游戏，音乐，看pixiv
267,268,124秒,1,1,贝斯,1,雨,音乐剧 话剧etc,1,花滑,2,0,0,唱歌跳舞，去听音乐剧话剧
268,269,67秒,1,0,笛子,0,0,0,1,0,2,0,0,画画
269,270,62秒,1,0,0,0,姑娘,0,1,画家,1,0,1,口琴
270,271,66秒,1,1,吉他,0,0,音乐,1,0,2,0,1,弹吉他
271,272,102秒,1,0,钢琴,0,脑海里的某些记忆碎片,音乐,1,0,1,0,1,听歌
272,273,124秒,1,1,钢琴、小提琴,1,纸片人,音乐绘画雕刻摄影都挺好,1,0,1,0,0,画画
273,274,93秒,1,0,0,1,0,0,0,0,2,0,1,吟诗
274,275,157秒,1,1,笙,0,0,音乐会 交响独奏都可,1,0,1,0,1,练字，钢琴
275,276,61秒,1,0,吉他,0,0,0,1,0,2,0,0,k歌
276,277,135秒,1,1,吉他,1,0,演唱,0,0,2,0,1,无
277,278,92秒,1,1,0,0,所见之景,美术,1,0,1,0,1,画画
278,279,217秒,1,1,电子琴,0,0,和音乐有关的艺术活动,1,0,2,0,0,听歌，跳舞，哼歌，刷b站
279,280,64秒,1,1,钢琴,0,0,音乐,1,0,1,0,0,听歌
280,281,137秒,1,1,架子鼓,0,龙,唱歌,0,歌手,2,0,1,唱歌
281,282,73秒,1,1,尤克里里,0,人,歌剧,1,0,3,1,0,唱歌
282,283,51秒,0,0,0,0,0,0,0,0,1,0,1,看番剧
283,284,95秒,0,0,箫,0,地球,画画,0,画家,1,0,1,无
284,285,57秒,1,0,0,1,0,0,1,0,2,0,0,无
285,286,150秒,0,1,0,0,没想好 总之可以画,可以参与的,1,花艺师,5,0,0,看展，插花，摄影
286,287,107秒,1,0,架子鼓,1,大房子,0,1,0,2,0,0,无
287,288,32秒,0,0,0,1,0,0,0,0,2,0,0,无
288,289,56秒,1,0,钢琴,1,0,0,0,0,1,0,0,听歌
